# header: effective temperature (Teff [K]), surface gravity (logg [cm s^-2]), metallicity ([M/H]), microturbulence velocity (xi_mtb [km s^-1]), whether g_rad is on or off (grad), photospheric density (rho_ph), and magnitudes in various photometric bands (mag_B, mag_R1, mag_R2, mag_Z, mag_J, mag_H, mag_K).
Teff,logg,M/H,xi_mtb,grad,rho_ph,mag_B,mag_R1,mag_R2,mag_Z,mag_J,mag_H,mag_K
4000,-3.0,-2.0,2,True,5.0495187981424316e-11,-31.00048871695671,-33.19104748202691,-33.829172531798896,-34.659217356246316,-35.05620994369609,-35.07226666550392,-34.7785202886301
4000,-2.5,-2.0,2,True,1.5930129619908622e-10,-30.869867633665823,-33.103109100609565,-33.75349657956567,-34.595233591885446,-35.02994106954559,-35.197169023552945,-34.87929310124213
4000,-2.0,-2.0,2,True,4.2948547408577805e-10,-30.92677220217309,-33.13613522531324,-33.76640332890708,-34.57037471121882,-34.99828206996344,-35.25003518763037,-34.91515574363062
4000,-1.5,-2.0,2,True,1.0641463379296562e-09,-31.082543030294406,-33.222043625382575,-33.81418334906965,-34.557959491954556,-34.964908078752266,-35.26771180933294,-34.9233116787758
4000,-1.0,-2.0,2,True,2.457591363804361e-09,-31.3132328890676,-33.33363371535475,-33.87433867085886,-34.547149636030724,-34.93112016903361,-35.27336950084009,-34.92218196011029
4000,-0.5,-2.0,2,True,5.385438098738209e-09,-31.571748675064896,-33.43460856293001,-33.92005276581857,-34.526641147437104,-34.893756523706074,-35.26555878889627,-34.911284105481215
4000,0.0,-2.0,2,True,1.1273045602605865e-08,-31.84326544039009,-33.52297379301368,-33.955623570605454,-34.506666961812826,-34.86224884984436,-35.25641251987129,-34.901638741221255
4000,0.5,-2.0,2,True,2.296464821375849e-08,-32.085727377661506,-33.58638376793194,-33.97599622783665,-34.48680861024526,-34.83583727013976,-35.24334252025904,-34.8907533561316
4000,1.0,-2.0,2,True,4.6102898389095424e-08,-32.280752029302,-33.628077427892606,-33.98609711525875,-34.47004902760138,-34.81526635685829,-35.228462558424496,-34.87926404763893
4000,1.5,-2.0,2,True,9.185043407832685e-08,-32.42553447478754,-33.65307460481063,-33.9895548934283,-34.456723634119726,-34.79948848426131,-35.2120398075536,-34.866244650057105
4500,-3.0,-2.0,2,True,7.489026799849227e-12,-33.533517942065814,-34.66906689950675,-34.94324532844307,-35.25531704267951,-35.24284505154938,-34.94408688149592,-34.63866433231566
4500,-2.75,-2.0,2,True,2.1141266584260403e-11,-33.15690375919267,-34.52568699008597,-34.86505418412544,-35.268901515030755,-35.340318600878334,-35.12783055752463,-34.802680422073266
4500,-2.5,-2.0,2,True,4.3299155545703094e-11,-32.98596556625063,-34.445158217580854,-34.81148169020644,-35.250330901406464,-35.37204505861266,-35.240909178227604,-34.898530645739456
4500,-2.0,-2.0,2,True,1.3764120791123975e-10,-32.88360446434717,-34.377659423103374,-34.7547147970338,-35.205013191639,-35.37702551836827,-35.37213679118379,-35.00291995102728
4500,-1.5,-2.0,2,True,3.7316593633866537e-10,-32.92983041072685,-34.37386485085097,-34.73679741827165,-35.1690879590351,-35.35764858229917,-35.43273705940622,-35.046018756031195
4500,-1.0,-2.0,2,True,9.37438551034975e-10,-33.035594866458894,-34.39348353109436,-34.73357796708547,-35.14020139908081,-35.332420917256705,-35.45642598203118,-35.0592018134474
4500,-0.5,-2.0,2,True,2.2434001675041873e-09,-33.162175266654124,-34.42030149013572,-34.73552568247517,-35.11611654374918,-35.30765406889766,-35.463941919193275,-35.06138296234488
4500,0.0,-2.0,2,True,5.179531681406085e-09,-33.28814611500943,-34.445015666351885,-34.736706282790905,-35.09424155471911,-35.284399782802154,-35.4624999230612,-35.0569385557816
4500,0.5,-2.0,2,True,1.1422708979559373e-08,-33.41015900033064,-34.46540726585821,-34.735512502333314,-35.073593204941965,-35.26262143265395,-35.451745913250804,-35.04839260211736
4500,1.0,-2.0,2,True,2.4420117542334286e-08,-33.51111378671528,-34.481228214911646,-34.73420773608173,-35.05726485139522,-35.245575008786105,-35.44282292309798,-35.044976968586404
4500,1.5,-2.0,2,True,5.1058852394128043e-08,-33.587559709500894,-34.489356665015535,-34.72980663610953,-35.04275994570094,-35.23065682467766,-35.42817857697483,-35.036527037631664
5000,-2.47,-2.0,2,True,3.239529518492673e-12,-34.77926925829938,-35.291510437960866,-35.400883109719366,-35.50062531403051,-35.36124787305978,-35.042756484094234,-34.71389426311195
5000,-2.45,-2.0,2,True,4.7078819400070995e-12,-34.726920923828835,-35.28825269083522,-35.40905776454459,-35.53373352089889,-35.403042784925105,-35.08890725706724,-34.752903620702625
5000,-2.4,-2.0,2,True,7.422384495141529e-12,-34.65528528834267,-35.27936528930369,-35.41453358274197,-35.57020797798481,-35.452475223756174,-35.14707457136591,-34.8060206673927
5000,-2.25,-2.0,2,True,1.584231765507839e-11,-34.52821855030748,-35.25137190685001,-35.41152755861994,-35.61176070322376,-35.52674742493253,-35.253217394828134,-34.90032492599256
5000,-2.0,-2.0,2,True,3.5618247619047616e-11,-34.40597145994414,-35.2166283166836,-35.39811977285942,-35.62743566217414,-35.58603178070162,-35.36758116086812,-34.99581807177334
5000,-1.5,-2.0,2,True,1.190144578313253e-10,-34.31576163384515,-35.17079879665032,-35.366757438397784,-35.60632023473471,-35.621242667477475,-35.50127758008411,-35.10280285939988
5000,-1.0,-2.0,2,True,3.2202224910060785e-10,-34.31969492956535,-35.147952531842165,-35.34214846398634,-35.5733045747644,-35.61771524994013,-35.560424607847835,-35.14840420508156
5000,-0.5,-2.0,2,True,7.959438215428367e-10,-34.355856060254354,-35.13739134174722,-35.324460873888015,-35.54447507343922,-35.604179843784294,-35.59446890182837,-35.17227357364834
5000,0.0,-2.0,2,True,1.890585179890398e-09,-34.39339650942146,-35.127500991074,-35.30749098111683,-35.51838986609778,-35.58730346314351,-35.60804550881383,-35.180825740552805
5000,0.5,-2.0,2,True,4.371438119599818e-09,-34.42598021422548,-35.117768268805335,-35.29158160476968,-35.49604084921582,-35.570833681148876,-35.61204556701933,-35.18300357105516
5000,1.0,-2.0,2,True,9.912566493955096e-09,-34.45006499731511,-35.10690634895325,-35.27604154290286,-35.47662440877156,-35.555464825278385,-35.61086270673657,-35.181601727320654
5000,1.5,-2.0,2,True,2.208850354609929e-08,-34.46646621829324,-35.09585817959295,-35.26164682151751,-35.46020477307656,-35.54184391648703,-35.60593380702253,-35.17806452047135
6000,-1.0,-2.0,2,True,3.2105246888664645e-11,-35.876256321882714,-36.05251856658456,-36.06799020288138,-36.15735765555248,-35.93359761426984,-35.631971667542764,-35.21196069414857
6000,-0.5,-2.0,2,True,1.1325428373783564e-10,-35.851607972235236,-36.04559306327161,-36.07154690282476,-36.16454623260586,-35.98285787664719,-35.72203792560719,-35.28559712535454
6000,0.0,-2.0,2,True,3.1068442468037795e-10,-35.825174019924965,-36.04060376126597,-36.07364585313095,-36.15273529944509,-36.00646330626259,-35.77981708565226,-35.33236200429944
6000,0.5,-2.0,2,True,7.641017161016948e-10,-35.796858685605905,-36.02495920769211,-36.06495783144195,-36.130141492744926,-36.011501005821266,-35.81196202124748,-35.35913190752448
6000,1.0,-2.0,2,True,1.7885387624865055e-09,-35.7663309452666,-36.00603860864219,-36.05213377316418,-36.10702436797404,-36.00862978080259,-35.82928630002188,-35.3737678682902
6000,1.5,-2.0,2,True,1.785164674827953e-09,-35.76598638201182,-36.00637905389496,-36.052681835610365,-36.10751712516147,-36.009031389395055,-35.829267836379785,-35.37397586147576
2000,-4.0,-1.0,2,True,7.367659595959597e-12,-19.24518753659999,-21.900678809655687,-24.498781869076165,-29.261044724612127,-32.21613888578405,-32.93727566521936,-33.084584695751516
2000,-3.5,-1.0,2,True,1.326189969265158e-11,-19.426429988696366,-21.70391587853618,-24.503112138716936,-29.525221355985188,-32.36294058502735,-32.97962278441033,-32.996039398363365
2000,-3.0,-1.0,2,True,2.4260684032580295e-11,-19.46422000551976,-21.46789774762036,-24.42322671725885,-29.747247489343973,-32.470432614051205,-32.98131336958832,-32.895161783367335
2000,-2.5,-1.0,2,True,4.6173772584820816e-11,-19.461889980323352,-21.26570240670228,-24.322162536381548,-29.9447652457333,-32.5414463146912,-32.94443667760193,-32.792709837295796
2000,-2.0,-1.0,2,True,9.976948521389607e-11,-19.46076512229573,-21.11574690801036,-24.223099271230097,-30.12167536439136,-32.585930446931556,-32.88684469674058,-32.705722473427585
2000,-1.5,-1.0,2,True,2.790549484509577e-10,-19.467708678538763,-21.017289419771316,-24.13289096517653,-30.267708102528147,-32.61246627600619,-32.83062476170072,-32.64439013153622
2000,-1.0,-1.0,2,True,9.250849681937796e-10,-19.493612019991147,-20.95928193861396,-24.05375390113909,-30.383125937981976,-32.626204961041594,-32.772076213210624,-32.59775432957416
2000,-0.5,-1.0,2,True,3.152823659604687e-09,-19.54185533115497,-20.937466352028583,-23.987582831697537,-30.4643043341937,-32.63073673518519,-32.726099133763306,-32.56846578858687
2000,0.0,-1.0,2,True,1.0129696584178787e-08,-19.72149058930861,-21.03108341404168,-24.00490119607753,-30.52132790014764,-32.61694120593977,-32.702259197058524,-32.57127728604962
2000,0.5,-1.0,2,True,3.0452359957617564e-08,-20.0391344661383,-21.25634994840778,-24.122835634724726,-30.54826701963258,-32.56513996736215,-32.68222675593425,-32.59294297503972
2000,1.0,-1.0,2,True,9.217250395855165e-08,-20.247884995113345,-21.44535536700438,-24.187191755356892,-30.54141915286052,-32.52824624407982,-32.69357729882881,-32.60951675893277
2000,1.5,-1.0,2,True,2.7709269876210084e-07,-20.346490664029258,-21.60003019421048,-24.17101211747809,-30.527547197146458,-32.508197005210356,-32.69695458222004,-32.60271676611969
3000,-3.5,-1.0,2,True,5.7764572912280694e-11,-25.935480571897436,-28.688657620460894,-30.06817254832724,-32.46578858292133,-33.75146862675037,-34.33510545536506,-34.37975097641584
3000,-3.0,-1.0,2,True,1.4541442268694548e-10,-26.073592740365115,-28.607699625506655,-29.964874327505857,-32.43190299214093,-33.70492896411164,-34.41888037893981,-34.43354195285563
3000,-2.5,-1.0,2,True,3.3353271260651374e-10,-26.289383238343728,-28.63903248363993,-29.96673479056334,-32.45251718069556,-33.69028017945938,-34.477746593317235,-34.45020505433827
3000,-2.0,-1.0,2,True,7.091189087132589e-10,-26.567836388897295,-28.75564547705971,-30.04763265584765,-32.51130020862956,-33.69952092370953,-34.51694822801829,-34.44026063599447
3000,-1.5,-1.0,2,True,1.44362433226375e-09,-26.88566143135445,-28.909284561897476,-30.160998116846063,-32.58578249053067,-33.72131454676546,-34.5408305111055,-34.41048737719306
3000,-1.0,-1.0,2,True,2.8172878004161806e-09,-27.237761517072144,-29.080716350337266,-30.28986686966254,-32.667263034924886,-33.74869879323407,-34.551570273569034,-34.366236891927656
3000,-0.5,-1.0,2,True,5.3558396590508716e-09,-27.61843059245521,-29.262013169005463,-30.424410595683536,-32.75168726689997,-33.78113504975599,-34.55087121035399,-34.30974264005694
3000,0.0,-1.0,2,True,9.987456445527057e-09,-28.015811217819287,-29.45754660590261,-30.56540417099,-32.83798511815239,-33.81248726173819,-34.538168589890596,-34.243089439287004
3000,0.5,-1.0,2,True,1.8529096586501165e-08,-28.40901835471191,-29.66695774164495,-30.707819786542508,-32.92603708405094,-33.84601742039222,-34.51419564664887,-34.16874251936089
3000,1.0,-1.0,2,True,3.509870956132672e-08,-28.76283744861409,-29.88087930884831,-30.835029778817713,-33.00809197906745,-33.87370343133642,-34.478509704117556,-34.092080606355715
3000,1.5,-1.0,2,True,6.944527290483489e-08,-29.07689660069124,-30.114040822955936,-30.950285396431592,-33.089613229053825,-33.89741476785085,-34.41444980630847,-34.01613469797837
4000,-3.15,-1.0,2,True,2.8173513484358144e-11,-31.200690267241995,-33.36784561032126,-33.9753892863077,-34.731972354369304,-35.061616343270195,-34.974936833008144,-34.70195098974398
4000,-3.0,-1.0,2,True,4.0700545100991085e-11,-31.122253924321683,-33.320157285838384,-33.938349584309364,-34.708089030316025,-35.06133299768686,-35.02897937121013,-34.753517533815895
4000,-2.5,-1.0,2,True,1.1516622431713803e-10,-31.079464150217618,-33.291166994046534,-33.9041062773643,-34.655660763025885,-35.03423803624858,-35.143927004296685,-34.85743474133348
4000,-2.0,-1.0,2,True,2.7517434533124676e-10,-31.225450096091624,-33.365445430829425,-33.935992597837505,-34.62393825904591,-34.99317668370161,-35.19982491805014,-34.90137676561209
4000,-1.5,-1.0,2,True,5.982811168148843e-10,-31.46288687200261,-33.468079404221925,-33.97915314506653,-34.594876173913306,-34.950558479233095,-35.22787106659657,-34.917725621988644
4000,-1.0,-1.0,2,True,1.2266589870188647e-09,-31.73611424696903,-33.5578771870162,-34.010787836644866,-34.56507183143752,-34.911368109545904,-35.24494823029698,-34.92142852302424
4000,-0.5,-1.0,2,True,2.4446710395090134e-09,-31.995068791353916,-33.620757263288056,-34.025453164231195,-34.535790704213326,-34.877777160143665,-35.25173203358354,-34.91789797011051
4000,0.0,-1.0,2,True,4.781227950145851e-09,-32.20628953768212,-33.658237930678254,-34.02784894615352,-34.509152049276615,-34.85075752084264,-35.256778014881306,-34.91486618791046
4000,0.5,-1.0,2,True,9.317384795357992e-09,-32.36385941926387,-33.675928050749924,-34.021834990544974,-34.48542914045703,-34.82834601647751,-35.256400244936486,-34.90845763543192
4000,1.0,-1.0,2,True,1.8165933005195515e-08,-32.47840000989691,-33.68414971017769,-34.014444735543016,-34.467510735886265,-34.81167181105512,-35.25669859211839,-34.904172147684854
4000,1.5,-1.0,2,True,3.573771728243815e-08,-32.55734804550822,-33.68516736270529,-34.005335684168884,-34.45321474702037,-34.79842230367407,-35.25405416196368,-34.89824297993743
4500,-4.0,-1.0,2,False,3.9493050563453733e-16,-34.36505001282964,-34.48549655340923,-34.510895333364374,-34.2401143818013,-34.091604329428826,-33.764796998274996,-33.50081919533316
4500,-3.75,-1.0,2,False,6.5465668461583e-14,-34.44165547161711,-34.79358432691023,-34.88555892609049,-34.78135370718639,-34.69521851678232,-34.39105984029149,-34.118966362171584
4500,-3.6,-1.0,2,False,3.27480551142006e-13,-34.35179851634067,-34.84045483651344,-34.9514856389512,-34.968008261633045,-34.85606021052671,-34.546007536298916,-34.25104708329293
4500,-3.25,-1.0,2,False,4.076170397183029e-12,-33.73957187010856,-34.75163153534066,-34.985463882505506,-35.23384809997129,-35.18017548382256,-34.871450080147035,-34.56189952974495
4500,-3.0,-1.0,2,True,7.195051928993099e-12,-33.52730912799235,-34.68622704148035,-34.960336902241295,-35.26434930154624,-35.24802173019162,-34.9533226457146,-34.6436335005042
4500,-3.0,-1.0,2,False,1.0742544715447154e-11,-33.3679560645433,-34.62933701915367,-34.931600740053234,-35.27722027308534,-35.29436745757033,-35.03190541776262,-34.71245031538888
4500,-2.85,-1.0,2,True,1.4062029438379636e-11,-33.278110692723104,-34.59668846896167,-34.91474437291102,-35.28041471207926,-35.31763680547766,-35.069604115210666,-34.74974362141317
4500,-2.75,-1.0,2,True,1.9782023338315895e-11,-33.170979039881196,-34.55357078710172,-34.88943459583814,-35.279462712138,-35.34354635903345,-35.12717177044504,-34.8010123730301
4500,-2.5,-1.0,2,True,3.99792407438939e-11,-33.014498520476174,-34.4815741745295,-34.84189883356247,-35.263745086794735,-35.37636409741974,-35.23454446787561,-34.89433098785278
4500,-2.0,-1.0,2,True,1.2235032134292566e-10,-32.93336874123502,-34.42708582798656,-34.79442638290819,-35.2214070082572,-35.383276584437944,-35.362442255511574,-34.99997394877192
4500,-1.5,-1.0,2,True,3.1264627643339875e-10,-33.01001049832581,-34.43625170326539,-34.78378577842098,-35.185450458544985,-35.36357433459266,-35.42249724053167,-35.045652005612446
4500,-1.0,-1.0,2,True,7.252618677435639e-10,-33.14668178127023,-34.466567194543984,-34.785630745446106,-35.15527747454664,-35.33759539640729,-35.448050123851495,-35.0637697130935
4500,-0.5,-1.0,2,True,1.5723580446218031e-09,-33.29802349882609,-34.49682042656355,-34.78692758309744,-35.12772942089254,-35.31127801374128,-35.45781702859892,-35.06876829149837
4500,0.0,-1.0,2,True,3.266003975955084e-09,-33.43052468393464,-34.515974381784844,-34.78197491309342,-35.10142449669044,-35.28683243004957,-35.46049513386555,-35.069229046794476
4500,0.5,-1.0,2,True,6.5778020975668234e-09,-33.53557220012903,-34.52419196388105,-34.77217604488158,-35.07764576782981,-35.265470062099354,-35.45824552256876,-35.066540122897976
4500,1.0,-1.0,2,True,1.2916758625613565e-08,-33.61272345297459,-34.52495498608958,-34.76061152094245,-35.05792840150264,-35.2483193919794,-35.45640415075368,-35.06345545644856
4500,1.5,-1.0,2,True,2.5161997744725267e-08,-33.66542437851039,-34.52042636244268,-34.74826605071141,-35.041298983715706,-35.23412577835484,-35.45257167316832,-35.05927186146812
4600,-2.75,-1.0,2,True,1.3339426848401648e-11,-33.59385710071664,-34.76497645642094,-35.04118027503122,-35.3573565197634,-35.35870129187508,-35.098875199317156,-34.77317888325994
4600,-2.5,-1.0,2,True,3.007502825993401e-11,-33.37969535717613,-34.68240085478962,-34.99379635522294,-35.35638568772789,-35.41570650859134,-35.229125451612255,-34.88679162909013
4600,-2.0,-1.0,2,True,9.863499141691289e-11,-33.253434469917266,-34.61233084945269,-34.94009608008305,-35.32015721200563,-35.44046917408585,-35.37683526684634,-35.009313134855844
4600,-1.5,-1.0,2,True,2.6076830771773263e-10,-33.298977463370754,-34.6065667096798,-34.92124278790752,-35.2839612802789,-35.42787996996179,-35.44693010417624,-35.06320055549706
4600,-1.0,-1.0,2,True,6.227635640959282e-10,-33.40441472267755,-34.623147097478004,-34.91565507088223,-35.25258255670436,-35.40557386625147,-35.480144942260246,-35.08722656294371
4600,-0.5,-1.0,2,True,1.385176541875028e-09,-33.52964271145507,-34.643919712936935,-34.912456577582105,-35.2248485601836,-35.38154499904181,-35.493033219903374,-35.09551501040261
4600,0.0,-1.0,2,True,2.93542033727431e-09,-33.64472289254422,-34.65849257036269,-34.906137577432894,-35.19943987629044,-35.358769065119496,-35.49660859098757,-35.09699174538109
4600,0.5,-1.0,2,True,6.005983882301274e-09,-33.73768214019621,-34.66429330648587,-34.89581919791589,-35.176303050895655,-35.338340580937874,-35.49389645528244,-35.09402553446836
4600,1.0,-1.0,2,True,1.1973346737213404e-08,-33.805545383047026,-34.663489370473364,-34.8838423952307,-35.15660843143291,-35.32139602906179,-35.4919547836202,-35.0914686670166
4600,1.5,-1.0,2,True,2.3473391040843217e-08,-33.85285441719918,-34.658852211710695,-34.87182309145686,-35.140386288339755,-35.307698193894275,-35.48883512286271,-35.08832282050953
4800,-2.65,-1.0,2,True,6.6931824518578785e-12,-34.28945342900227,-35.0913061820643,-35.26868654921996,-35.46132581327581,-35.371664551365534,-35.068639741327836,-34.740316297746865
4800,-2.5,-1.0,2,True,1.4182341468748633e-11,-34.103819484893776,-35.0416920005689,-35.2534690167463,-35.49869128704287,-35.45079431071882,-35.18362617358909,-34.8427919420904
4800,-2.25,-1.0,2,True,3.214433904093783e-11,-33.93577465928209,-34.985255555883604,-35.225026791820085,-35.50741456960194,-35.50987236917223,-35.305261070740464,-34.94705883717914
4800,-2.0,-1.0,2,True,6.060203770681032e-11,-33.86524159550489,-34.95094992863428,-35.20152085446773,-35.49655161356462,-35.53284978187252,-35.38441001972265,-35.01234026481592
4800,-1.5,-1.0,2,True,1.748716295966785e-10,-33.83791167861142,-34.919791630521885,-35.17189073205156,-35.4631804560682,-35.54027841380572,-35.483444787416055,-35.09138427940057
4800,-1.0,-1.0,2,True,4.390471047142261e-10,-33.893055740879696,-34.9156320254881,-35.155906271748286,-35.43116573680329,-35.5269627850666,-35.530086215612826,-35.1261667262085
4800,-0.5,-1.0,2,True,1.023766454702465e-09,-33.97132989570499,-34.919491306970386,-35.1448813021825,-35.40326362580698,-35.50830463634255,-35.5506897580217,-35.14068199661564
4800,0.0,-1.0,2,True,2.2677392341643804e-09,-34.04894508957217,-34.92336422384011,-35.134730603688524,-35.37892346179892,-35.48953073771117,-35.55955945644073,-35.146554048531975
4800,0.5,-1.0,2,True,4.816263402018146e-09,-34.116354653956904,-34.92349338399527,-35.123092322118396,-35.35715901086932,-35.47159929379588,-35.558665471666316,-35.145537152527936
4800,1.0,-1.0,2,True,9.898487037037037e-09,-34.16561436545988,-34.91980431956452,-35.11096701720115,-35.33850686766537,-35.456198323508325,-35.5586764621994,-35.14471311932797
4800,1.5,-1.0,2,True,1.9993096370218183e-08,-34.1986863967868,-34.91261739713367,-35.098172712381206,-35.3222143586578,-35.44283027616155,-35.55633728837323,-35.142639323610105
5000,-4.0,-1.0,2,False,2.6721068141314603e-16,-34.675678082694624,-34.70846138944421,-34.699801467745566,-34.3973126551535,-34.19824751988064,-33.853685021639684,-33.56168112628347
5000,-3.5,-1.0,2,False,1.0236595136844402e-15,-34.80479337580714,-34.91182473940587,-34.93088759696111,-34.65590592578129,-34.4959689848328,-34.162545419126225,-33.88742461347245
5000,-3.25,-1.0,2,False,3.8407122502552135e-15,-34.862926362758,-35.0269242702746,-35.06842988467149,-34.811262306097916,-34.68609693782306,-34.36157625230039,-34.10367313921591
5000,-3.0,-1.0,2,False,4.727274356831057e-13,-34.93074538570406,-35.283412040569495,-35.35812564364178,-35.3309579601737,-35.18941169295472,-34.87553428905396,-34.555843235436946
5000,-2.75,-1.0,2,False,2.423778464029609e-12,-34.824592126217425,-35.312315527146055,-35.410931324357435,-35.49531890342426,-35.34482038174849,-35.03068979928088,-34.69465053729578
5000,-2.5,-1.0,2,False,7.954679222754582e-12,-34.64868830629763,-35.2967365629872,-35.43368179737075,-35.59359536771274,-35.474235914518154,-35.177935201745775,-34.82965542910702
5000,-2.47,-1.0,2,True,3.315671185292695e-12,-34.77567915885651,-35.31271225035797,-35.424014880062636,-35.522538361119665,-35.382165589315335,-35.065835538903315,-34.73303365674991
5000,-2.45,-1.0,2,True,4.576617870095615e-12,-34.73164833580017,-35.30898503235767,-35.42959570590896,-35.550611122318315,-35.41609946679243,-35.10358448396305,-34.767082747627114
5000,-2.4,-1.0,2,True,7.0996987294151046e-12,-34.66357654955752,-35.30014959879357,-35.4348339712489,-35.58514024230207,-35.463069804406445,-35.15943040683177,-34.81750265889929
5000,-2.25,-1.0,2,True,1.5244576852418858e-11,-34.529866104631395,-35.272975361594895,-35.433664566896034,-35.62707628288969,-35.538380429888946,-35.26492612628112,-34.91000525119662
5000,-2.25,-1.0,2,False,1.9003745098039216e-11,-34.495164926963405,-35.26337613544606,-35.42996727932035,-35.63404127812048,-35.55559653864372,-35.29493945694584,-34.93472313554501
5000,-2.0,-1.0,2,True,3.4442703821707297e-11,-34.411207171558964,-35.23774551743713,-35.41919768825442,-35.6423684995473,-35.59589152929932,-35.37368552512837,-35.001334111021286
5000,-2.0,-1.0,2,False,3.750596965209032e-11,-34.40385801247915,-35.23401643990193,-35.416991527531934,-35.642125333227014,-35.60024171260653,-35.38594392827033,-35.01053130044285
5000,-1.75,-1.0,2,True,6.511464495054059e-11,-34.34822775974168,-35.21252622738382,-35.4044297268089,-35.63659043490807,-35.62302706331532,-35.45103731363464,-35.065904028259695
5000,-1.5,-1.0,2,True,1.1287612617702447e-10,-34.32362586288511,-35.19529574782666,-35.39085698435295,-35.622957210267685,-35.63333018405051,-35.504916988047164,-35.10861234188645
5000,-1.0,-1.0,2,True,2.9924340836137215e-10,-34.334717343724755,-35.1771406962849,-35.36967008392259,-35.592232176484806,-35.63203183775921,-35.568455957631485,-35.157864655459704
5000,-0.5,-1.0,2,True,7.239906171579743e-10,-34.3752748354574,-35.16877834587024,-35.35358051998694,-35.563848251874845,-35.61971041370923,-35.59927629575153,-35.180822070658735
5000,0.0,-1.0,2,True,1.6587716764821356e-09,-34.42072143576276,-35.16287273439119,-35.339454496514165,-35.53927201197936,-35.60454581702299,-35.61311226993216,-35.19072016899466
5000,0.5,-1.0,2,True,3.652820153567059e-09,-34.461311926168925,-35.15676543307639,-35.326199335590886,-35.51834359305767,-35.58965265790332,-35.61833367118854,-35.19417035749909
5000,1.0,-1.0,2,True,7.810071539908627e-09,-34.492980208725406,-35.14934028836718,-35.31324713812206,-35.500415418943014,-35.576011543760686,-35.618497369462226,-35.19424731516945
5000,1.5,-1.0,2,True,1.6224534273157923e-08,-34.51504388564234,-35.1404074124944,-35.300386191674235,-35.484804580799896,-35.56360671762095,-35.61572346692173,-35.191446737095205
5500,-1.85,-1.0,2,True,6.519230312802322e-12,-35.380629375060984,-35.723040959410916,-35.78019226378605,-35.85556812089679,-35.6648029200359,-35.35135092773056,-34.979691935486414
5500,-1.75,-1.0,2,True,1.176155370149649e-11,-35.35486871864332,-35.724791852758436,-35.789196305456926,-35.89181525229796,-35.709627625815244,-35.407504721056064,-35.027179828920445
5500,-1.5,-1.0,2,True,2.9786431209602956e-11,-35.30145871724636,-35.7197458905687,-35.798127960599835,-35.92777135643794,-35.77475813199627,-35.50353136217991,-35.1075764289469
5500,-1.25,-1.0,2,True,5.879192625809666e-11,-35.26861277776087,-35.71183819296469,-35.79847472562256,-35.93543304879737,-35.81012012469075,-35.57109309778532,-35.16270925239739
5500,-1.0,-1.0,2,True,1.0489447608747895e-10,-35.24584526326323,-35.70239068239039,-35.794757377099565,-35.93047592160966,-35.82853512453779,-35.61479332851619,-35.19994680476256
5500,-0.5,-1.0,2,True,2.8317283453525636e-10,-35.22239923253105,-35.68782626543636,-35.784411163883064,-35.91085706436138,-35.84456903141296,-35.68448417753024,-35.253270966242184
5500,0.0,-1.0,2,True,6.933093575512951e-10,-35.21547124757803,-35.67121339648433,-35.76988601039193,-35.88610314219559,-35.842987001526645,-35.717171801978076,-35.27957666239633
5500,0.5,-1.0,2,True,1.619011087305838e-09,-35.21377576984095,-35.65554198812504,-35.75474431211702,-35.86348305330509,-35.835286934374395,-35.73161888967337,-35.29249603550192
5500,1.0,-1.0,2,True,3.6314090209020902e-09,-35.203712550477746,-35.639445678483256,-35.74057824390124,-35.84405884937479,-35.82693778769881,-35.74282716567865,-35.30044897927412
5500,1.5,-1.0,2,True,8.104149315673291e-09,-35.194784630694144,-35.62406218976831,-35.726480852386786,-35.827453393884475,-35.81773646854893,-35.74729294544437,-35.30446988252467
6000,-1.4,-1.0,2,True,3.752421497975709e-12,-35.88186414084249,-36.070721443198664,-36.081609748127185,-36.085430645380995,-35.84921483099865,-35.51717852987752,-35.1228389391293
6000,-1.25,-1.0,2,True,1.1437147068676718e-11,-35.89856049213519,-36.07723700320134,-36.08639054052706,-36.14563693160959,-35.90100675354163,-35.580320560946895,-35.17161337560272
6000,-1.0,-1.0,2,True,2.972345738529699e-11,-35.89568472753409,-36.07886052017062,-36.093585471789304,-36.17775201378016,-35.94810303203443,-35.645819000954084,-35.224938610119864
6000,-0.5,-1.0,2,True,1.0606680845708532e-10,-35.8760837143504,-36.07719874540686,-36.10193174907666,-36.18924314175944,-35.9993587631941,-35.73384546917653,-35.2971326328618
6000,0.0,-1.0,2,True,2.8972597432370473e-10,-35.85199369325089,-36.07228918288257,-36.10431866557878,-36.17768181358023,-36.0227608319949,-35.78800002230667,-35.34208560253959
6000,0.5,-1.0,2,True,7.101816623649746e-10,-35.82509021318108,-36.06258885902494,-36.10065950975196,-36.15926365671503,-36.030932379967574,-35.82107191420431,-35.36996315196975
6000,1.0,-1.0,2,True,1.66481992367626e-09,-35.804433778799,-36.04925334839412,-36.09224455287751,-36.13964358031113,-36.03069148576624,-35.83590944878127,-35.384776885060056
6000,1.5,-1.0,2,True,3.794311369160141e-09,-35.77114772501408,-36.02932355239925,-36.07895952786166,-36.1181291389568,-36.02611400782975,-35.85062623332177,-35.396471650036034
6500,-0.85,-1.0,2,True,6.589231724877451e-12,-36.31061892099234,-36.390720740448906,-36.36346584858714,-36.36636496325275,-36.07690358437897,-35.73037957890004,-35.30076267406405
6500,-0.75,-1.0,2,True,1.2147111612468234e-11,-36.3340261062162,-36.391068886257955,-36.359612593032395,-36.38899924339751,-36.092420094337896,-35.75080872107991,-35.31500985575726
6500,-0.5,-1.0,2,True,3.185523146808169e-11,-36.35247400644601,-36.388846139828686,-36.35788593647943,-36.410432464713686,-36.12018024028213,-35.79000651234949,-35.34562758401273
6500,0.0,-1.0,2,True,1.1502941898913556e-10,-36.35592406293251,-36.38881725768638,-36.36457526665035,-36.4172764233357,-36.15769643825433,-35.84866584405139,-35.39424628636287
6500,0.5,-1.0,2,True,3.1487557283566615e-10,-36.3374006189966,-36.38839493737998,-36.37193110533312,-36.40773801444907,-36.18002978985719,-35.888686935056526,-35.429179918678805
6500,1.0,-1.0,2,True,7.767833580674417e-10,-36.30748468081934,-36.38867210042968,-36.37893584500387,-36.394977459598266,-36.19441533307245,-35.917182013808834,-35.45506806432385
6500,1.5,-1.0,2,True,1.8258113057324838e-09,-36.27221637711906,-36.378680170246035,-36.37721681163319,-36.37657776497446,-36.19993790200316,-35.935255077339065,-35.47260580249016
7000,-0.38,-1.0,2,True,2.906668875827887e-12,-36.606031568030176,-36.66297917535975,-36.62375984207126,-36.550455037508826,-36.25116432121136,-35.88220943170712,-35.438631004484655
7000,-0.35,-1.0,2,True,5.342539301678753e-12,-36.65008292341694,-36.66973054622304,-36.61792141724442,-36.580922967082785,-36.25822824126536,-35.88956961722112,-35.43800136494218
7000,-0.25,-1.0,2,True,1.1263983681305496e-11,-36.69429186593986,-36.67135015400803,-36.60943197721464,-36.605816098279746,-36.266966192822935,-35.901062513946414,-35.44314275883856
7000,0.0,-1.0,2,True,3.1981860014220556e-11,-36.73458207999192,-36.66711154772892,-36.59947664661523,-36.620508189011744,-36.27936388676496,-35.91942310903899,-35.45609931745393
7000,0.5,-1.0,2,True,1.2097654038150022e-10,-36.76573568781499,-36.67972374670301,-36.613169988381394,-36.6320184015872,-36.31161403240583,-35.96115832498047,-35.49057537582108
7000,1.0,-1.0,2,True,3.400822840518587e-10,-36.74014709442539,-36.66709629878374,-36.61082197446496,-36.610998410413245,-36.323643487894614,-35.98274870014048,-35.5142315174495
7000,1.5,-1.0,2,True,8.492746556005751e-10,-36.699480871387486,-36.6636778332687,-36.61841487180947,-36.59620429443435,-36.33827288423008,-36.005361027645506,-35.537343414875494
7500,0.15,-1.0,2,True,3.994161525480932e-12,-36.926247449438286,-36.913074319779966,-36.846017397100226,-36.764606494976576,-36.420448869939776,-36.0308406686343,-35.562028436150484
7500,0.25,-1.0,2,True,9.067366792637694e-12,-36.988531518325416,-36.91791254333817,-36.83469717068046,-36.79190044138696,-36.42229842876318,-36.03229113035119,-35.55753954726325
7500,0.5,-1.0,2,True,2.7837101999712272e-11,-37.04433975093123,-36.91588829516997,-36.8232672372241,-36.806547557100025,-36.428820147407485,-36.04102400570687,-35.56304899059322
7500,1.0,-1.0,2,True,1.1619449430064864e-10,-37.07275703776646,-36.915880990250365,-36.82371089862976,-36.80509012748245,-36.445086350823416,-36.060364181920534,-35.58163205892426
7500,1.5,-1.0,2,True,3.4971739309195953e-10,-37.06917918335812,-36.91683751944177,-36.830052088329545,-36.791891862463416,-36.459002497889514,-36.07663001936346,-35.59996178228009
4000,-3.0,-0.0,2,True,1.644430604460094e-11,-31.71752134114716,-33.754052177768244,-34.249803285003125,-34.81287913815134,-35.02575846397376,-34.8447587108237,-34.616851142887484
4000,-2.5,-0.0,2,True,4.1945319365491854e-11,-31.706183464567083,-33.732979037596884,-34.21526897743306,-34.768643555154796,-35.02646819255983,-34.97726102535724,-34.756448627058134
4000,-2.0,-0.0,2,True,9.364955083961389e-11,-31.83089783074825,-33.76012000950932,-34.20523696786691,-34.72471922180557,-35.00372144220269,-35.06595450056626,-34.839020745161974
4000,-1.5,-0.0,2,True,1.9549650866592912e-10,-32.01542924209313,-33.80485455962972,-34.19609904624344,-34.683865374793655,-34.97744286319827,-35.12937568739837,-34.88681897283826
4000,-1.0,-0.0,2,True,3.9347962827035885e-10,-32.201047510978555,-33.81801722315891,-34.179827054305505,-34.64572098429737,-34.94871740613655,-35.17484596291775,-34.9130937256067
4000,-0.5,-0.0,2,True,7.81175818527574e-10,-32.362595237121056,-33.81560396262073,-34.15761374491596,-34.61113296771949,-34.92258363701072,-35.206928272489186,-34.926018319887376
4000,0.0,-0.0,2,True,1.5509791684587811e-09,-32.48131134011182,-33.80099593125464,-34.13219424741111,-34.57990625487551,-34.899760349128066,-35.22817664901625,-34.9314741751391
4000,0.5,-0.0,2,True,3.098462573834178e-09,-32.560824893951704,-33.781177945338044,-34.10613389924768,-34.552983259948135,-34.880580823095364,-35.24399984721266,-34.932154884373716
4000,1.0,-0.0,2,True,6.225896992481203e-09,-32.60460237874259,-33.75841222172695,-34.08092078838416,-34.530690714605896,-34.86455925503464,-35.25706331855937,-34.93132524773371
4000,1.5,-0.0,2,True,1.2621905022664357e-08,-32.63285523741358,-33.73296410342468,-34.05440899172578,-34.51248370885155,-34.85094309369424,-35.26604260782789,-34.92882256331932
4500,-3.0,-0.0,2,True,4.709948297314997e-12,-33.675386234952164,-34.77778294326087,-35.02129245073684,-35.26137167716501,-35.21188029003822,-34.912188086936524,-34.59564032986178
4500,-2.75,-0.0,2,True,1.242176966623014e-11,-33.38423821139286,-34.68833415063058,-34.982964186610545,-35.29728360371237,-35.31659700957115,-35.06251141754915,-34.74216197458679
4500,-2.5,-0.0,2,True,2.418596378636447e-11,-33.25349334283314,-34.64125467222629,-34.954992553834494,-35.2953705636622,-35.35926951343824,-35.15874742107591,-34.83596289339136
4500,-2.0,-0.0,2,True,6.728722743912742e-11,-33.20664563807969,-34.60876199250808,-34.923030716871544,-35.264821495360984,-35.37903290718872,-35.27931376050087,-34.9524513655528
4500,-1.5,-0.0,2,True,1.5919521791305295e-10,-33.26974908214483,-34.609925647513194,-34.90677966209126,-35.229092632457196,-35.3688001326794,-35.347747382229684,-35.01887349842513
4500,-1.0,-0.0,2,True,3.354361111111111e-10,-33.378550814988245,-34.62070249231245,-34.89472922739961,-35.19737765116059,-35.350368856363716,-35.38737495250383,-35.05375198976074
4500,-0.5,-0.0,2,True,6.689120963798778e-10,-33.48053095751765,-34.62490033529356,-34.88039745024147,-35.169426421876196,-35.331258884196224,-35.40823437067253,-35.071169157437666
4500,0.0,-0.0,2,True,1.2764206900986407e-09,-33.56554157081949,-34.62701578062897,-34.86832350700806,-35.147914697537374,-35.31633206490399,-35.424610179657826,-35.08040446592051
4500,0.5,-0.0,2,True,2.445004385654108e-09,-33.6229168347736,-34.618819300785894,-34.85130339801727,-35.126644191147975,-35.30098269672513,-35.434843244217674,-35.0848520034654
4500,1.0,-0.0,2,True,4.620572545199501e-09,-33.668387170442344,-34.60995320213233,-34.83604953571063,-35.10973919248898,-35.28927441608817,-35.444110133483186,-35.08643157923289
4500,1.5,-0.0,2,True,8.790869403187652e-09,-33.69775773323755,-34.59719108972793,-34.81943684806429,-35.09298111296928,-35.27755358329766,-35.45141731020092,-35.086740706275634
5000,-2.47,-0.0,2,True,2.866267344717897e-12,-34.78054720259697,-35.352100604502176,-35.46505386670171,-35.54840635233693,-35.40274080210068,-35.09200818173718,-34.7515693234068
5000,-2.45,-0.0,2,True,3.849672555205048e-12,-34.74114511181859,-35.348730440449806,-35.47032654266981,-35.57357661490245,-35.433057704186794,-35.125297543561025,-34.781388499173424
5000,-2.4,-0.0,2,True,5.8818385030535435e-12,-34.67955708275464,-35.34264787888465,-35.47699205438225,-35.60721597975218,-35.47668159945629,-35.174087089538794,-34.82719800004397
5000,-2.25,-0.0,2,True,1.2579369099970685e-11,-34.561318965327956,-35.322088584649435,-35.480040471536846,-35.65179814867082,-35.55023501540323,-35.268637292136106,-34.913126736644934
5000,-2.0,-0.0,2,True,2.771130363732209e-11,-34.45954290074462,-35.29565693679203,-35.47301762998533,-35.67196660395874,-35.61006581082073,-35.368424505326374,-35.001633053765424
5000,-1.5,-0.0,2,True,8.540482720161492e-11,-34.395161429940366,-35.26859313801792,-35.45519193365125,-35.66198731441189,-35.65333808826084,-35.48845067419463,-35.10475221110188
5000,-1.0,-0.0,2,True,2.107536541260777e-10,-34.41531428768598,-35.25687722468777,-35.439148211731315,-35.63549196699651,-35.65780220126989,-35.552187861840224,-35.15889754649746
5000,-0.5,-0.0,2,True,4.677504332646518e-10,-34.4579330915499,-35.250882165744976,-35.425105811998215,-35.60921032263961,-35.64999558296942,-35.58631031177384,-35.18773817939864
5000,0.0,-0.0,2,True,9.751743950644852e-10,-34.49732886084021,-35.24406718536409,-35.41101227493375,-35.58575615053205,-35.63844678498256,-35.604122620581165,-35.202843207730275
5000,0.5,-0.0,2,True,1.972626919927951e-09,-34.52726358696586,-35.236030824959855,-35.39738419253381,-35.56596416351613,-35.62705066907287,-35.614090558062074,-35.21196570914115
5000,1.0,-0.0,2,True,3.773014118310412e-09,-34.55009681745955,-35.22789139869174,-35.38521413358873,-35.55037403951657,-35.61685916415406,-35.61812686333905,-35.214328401844504
5000,1.5,-0.0,2,True,7.456211230227153e-09,-34.55770251862302,-35.21618799003994,-35.37173735713512,-35.535672699766536,-35.607183021500504,-35.62288258929233,-35.2181097661482
4000,-3.15,-1.0,10,True,2.680183066743753e-11,-30.883361022422868,-33.33787841608441,-33.97773149898848,-34.741720691675624,-35.064339501304666,-34.97778601350009,-34.702089761226695
4000,-3.0,-1.0,10,True,3.8824053645364526e-11,-30.810443654237247,-33.287520276784925,-33.940045897242484,-34.71711576048456,-35.06508356083597,-35.03183448882062,-34.75516235804383
4000,-2.5,-1.0,10,True,1.1057778171323624e-10,-30.756928788867903,-33.25183546183111,-33.9053585977151,-34.66380837269446,-35.04061244725147,-35.1416132335535,-34.86237676158475
4000,-2.0,-1.0,10,True,2.655143793472445e-10,-30.874259085766063,-33.31999474169889,-33.93749243698932,-34.632383014598275,-35.00181708516566,-35.194214799124175,-34.90830204066383
4000,-1.5,-1.0,10,True,5.788776031883639e-10,-31.08579931847725,-33.41639174104961,-33.98204558880166,-34.60432316320276,-34.9604961952968,-35.22080647807333,-34.925615605097164
4000,-1.0,-1.0,10,True,1.1893981102693603e-09,-31.343697806861993,-33.50484749923795,-34.01576513808795,-34.57572572245284,-34.92260637066362,-35.23517977275486,-34.92977259484225
4000,-0.5,-1.0,10,True,2.374980072069622e-09,-31.60042653033027,-33.56932292930456,-34.03273679063877,-34.54658604637018,-34.89022022201168,-35.242430333063744,-34.92600165355021
4000,0.0,-1.0,10,True,4.649206832788364e-09,-31.826131035011095,-33.61045878568201,-34.03796559312421,-34.52018332318983,-34.863190369558666,-35.24972450228357,-34.92346107459844
4000,0.5,-1.0,10,True,9.061577363546216e-09,-32.01171866051433,-33.63308771435745,-34.03417419045414,-34.49671603257351,-34.840522188143815,-35.25134750713662,-34.9169753594266
4000,1.0,-1.0,10,True,1.7677914371046432e-08,-32.15940008317182,-33.64515366885964,-34.027953800653286,-34.47852176395451,-34.823281169307684,-35.25338911030242,-34.912508048773645
4000,1.5,-1.0,10,True,3.48013411147541e-08,-32.272342585515055,-33.64955391201165,-34.01926898076284,-34.4636026966293,-34.80911504525832,-35.252881739781536,-34.90601154575559
4500,-3.0,-1.0,10,True,5.9021717205061695e-12,-33.34995669863566,-34.71545831398669,-34.98834117382597,-35.26781722617432,-35.233100269194665,-34.933751153545536,-34.62193583148211
4500,-2.85,-1.0,10,True,1.2749546108242494e-11,-33.02862727805518,-34.60265335864285,-34.933561783116524,-35.28994696170673,-35.31487226643716,-35.06442554536924,-34.742918151416376
4500,-2.75,-1.0,10,True,1.8306912382531785e-11,-32.903876839112726,-34.55232503944351,-34.90503403599697,-35.289182030082,-35.343374552423896,-35.1253735859316,-34.797693307177
4500,-2.5,-1.0,10,True,3.770760975609756e-11,-32.734286521553095,-34.47141575830029,-34.852745507888486,-35.27264354307532,-35.37807833933176,-35.23446906027612,-34.89425464377073
4500,-2.0,-1.0,10,True,1.1718426245210727e-10,-32.65108515665271,-34.4112915751129,-34.80218358943007,-35.22898345878326,-35.38639569106765,-35.362447028573676,-35.003222171071926
4500,-1.5,-1.0,10,True,3.0024061538461535e-10,-32.735171464998196,-34.42177233811584,-34.79274658198432,-35.193165245338825,-35.367541437586326,-35.42128580603185,-35.050192533098944
4500,-1.0,-1.0,10,True,6.98970658436214e-10,-32.88130456607767,-34.4533794820613,-34.79590559632438,-35.16296472862869,-35.34206118354047,-35.44606190340081,-35.069005475789425
4500,-0.5,-1.0,10,True,1.520268099547511e-09,-33.04906739530282,-34.48700952401548,-34.80028216935846,-35.136759251282534,-35.317301641069065,-35.45610411667229,-35.07531381601715
4500,0.0,-1.0,10,True,3.163799872202481e-09,-33.202938900075914,-34.50860050099632,-34.79748903296024,-35.1111797459693,-35.29362203537657,-35.45796133769643,-35.07589191600165
4500,0.5,-1.0,10,True,6.387180699409734e-09,-33.33129603312862,-34.51884801347702,-34.78948614300854,-35.08808001254634,-35.27301382292231,-35.45545682109736,-35.07338547604489
4500,1.0,-1.0,10,True,1.2565072619303142e-08,-33.43257827618912,-34.521454575220574,-34.779436315339254,-35.06902732734369,-35.256708323753905,-35.45392713813453,-35.07074964854286
4500,1.5,-1.0,10,True,2.452578318250377e-08,-33.50724381456108,-34.51865546114509,-34.76793808617744,-35.05283324110333,-35.2430989943148,-35.45064647650541,-35.066871517665334
4600,-2.75,-1.0,10,True,1.1862019035455816e-11,-33.379529267583045,-34.77849116676061,-35.062810514563076,-35.36628528606893,-35.35481397225829,-35.091670509569724,-34.76445891622467
4600,-2.5,-1.0,10,True,2.8077767438515748e-11,-33.124472705671806,-34.68088217781177,-35.008995975427624,-35.36642643592006,-35.4171012633062,-35.22830476942949,-34.88561397774733
4600,-2.0,-1.0,10,True,9.400280428929956e-11,-32.988092472334515,-34.60269789643452,-34.95109868509318,-35.32913415216205,-35.44391306953316,-35.377093866706986,-35.012039270070346
4600,-1.5,-1.0,10,True,2.501229441884281e-10,-33.03850672040172,-34.596368706330544,-34.93216323803959,-35.29249869516097,-35.4321693831694,-35.44722950726617,-35.06813116029216
4600,-1.0,-1.0,10,True,5.989732544432354e-10,-33.15868829330832,-34.61508244524153,-34.92803577287934,-35.261412708668274,-35.410500504276044,-35.479238980275326,-35.09255918571709
4600,-0.5,-1.0,10,True,1.3358013908335667e-09,-33.30219647166215,-34.638447150801,-34.92673511163674,-35.2342540031518,-35.38721221961998,-35.4917807767952,-35.101493619557445
4600,0.0,-1.0,10,True,2.8374187908936095e-09,-33.439499989012226,-34.65555170081051,-34.92241046535901,-35.20961782130659,-35.36521889633812,-35.49498431991425,-35.10339734732278
4600,0.5,-1.0,10,True,5.8184124122263535e-09,-33.556035464769856,-34.66347710330907,-34.913879196291745,-35.18725419804938,-35.34560666947228,-35.49249933422796,-35.100768581288975
4600,1.0,-1.0,10,True,1.1627665609956556e-08,-33.64705038807364,-34.664159243006935,-34.90311490080573,-35.16805891900701,-35.32928961351174,-35.4904965352653,-35.098543357264724
4600,1.5,-1.0,10,True,2.2838836590878872e-08,-33.715081642071326,-34.66071301521536,-34.892110472649776,-35.15242464506937,-35.31625758616332,-35.4876207052985,-35.0957479285698
4800,-2.65,-1.0,10,True,4.5498780078895465e-12,-34.245635971626086,-35.12949448208887,-35.29169722670203,-35.44740544802839,-35.33918591487616,-35.02831544700706,-34.7017168524274
4800,-2.5,-1.0,10,True,1.2195846989141165e-11,-33.95575372582483,-35.06354561347279,-35.27650724305783,-35.50634760725182,-35.44466688943008,-35.17158617637765,-34.83043869656737
4800,-2.0,-1.0,10,True,5.6894731903882273e-11,-33.64982690260791,-34.95458646100204,-35.21914289626643,-35.5080931163537,-35.536408583455575,-35.384192009046686,-35.01324182572249
4800,-1.5,-1.0,10,True,1.6621152915539522e-10,-33.619998910049084,-34.91999878649707,-35.18807989099716,-35.474294014144355,-35.545323291966724,-35.484036483994416,-35.09503838686243
4800,-1.0,-1.0,10,True,4.191548650486097e-10,-33.68761176087472,-34.916670478966225,-35.17252817126031,-35.44223483433761,-35.532702357443654,-35.53047350760211,-35.13097153076956
4800,-0.5,-1.0,10,True,9.807080236195836e-10,-33.78435544732631,-34.922303681205356,-35.16241723662926,-35.41449261048679,-35.51455254799543,-35.550977117851154,-35.146266431704476
4800,0.0,-1.0,10,True,2.177482810701294e-09,-33.8840841970057,-34.928431044099206,-35.15362323369509,-35.390762135535084,-35.49639109216392,-35.55975426639365,-35.15270556546482
4800,0.5,-1.0,10,True,4.6401824808184144e-09,-33.97302915505255,-34.92994626601241,-35.14285898558167,-35.369331248226686,-35.47889328219774,-35.558874774340715,-35.151885438479596
4800,1.0,-1.0,10,True,9.556214284275207e-09,-34.04456254554052,-34.92804294511737,-35.13214894423615,-35.35154543635345,-35.464295377248774,-35.55904789014731,-35.15167120764437
4800,1.5,-1.0,10,True,1.93610079458505e-08,-34.09576663481035,-34.92139433809835,-35.119813735895704,-35.33548596162662,-35.45133358361542,-35.55698849139655,-35.14992264424665
5000,-2.4,-1.0,10,True,4.759625560794399e-12,-34.636230458957236,-35.329134671163025,-35.45184326307454,-35.56957972980079,-35.4339186182022,-35.12304593013296,-34.78413225850135
5000,-2.25,-1.0,10,True,1.2808532253711199e-11,-34.4291924345357,-35.29649279799317,-35.45564716268133,-35.633649099650526,-35.53247186275777,-35.25291507855083,-34.89893114479267
5000,-2.0,-1.0,10,True,3.116162988874314e-11,-34.2617201901134,-35.253482517466836,-35.44164809292236,-35.65438835680916,-35.598681885116804,-35.37278354409874,-35.00144724638477
5000,-1.5,-1.0,10,True,1.0579115692121528e-10,-34.15586361635405,-35.205014129550825,-35.41138287955744,-35.63618759188298,-35.638613458185624,-35.50521778949709,-35.11087714727026
5000,-1.0,-1.0,10,True,2.830464303466318e-10,-34.172329942729526,-35.186043323952994,-35.390209460275756,-35.605461117307904,-35.63855165456882,-35.569698653818676,-35.16214915297728
5000,-0.5,-1.0,10,True,6.884854611831323e-10,-34.22745699443493,-35.17839474212437,-35.374394754011576,-35.57699360274553,-35.62678005044977,-35.60070944453487,-35.186114686090484
5000,0.0,-1.0,10,True,1.5825390508731964e-09,-34.291598753849215,-35.17383316101803,-35.36084061604714,-35.552622278890915,-35.61209905890444,-35.61468620040535,-35.196682108652524
5000,0.5,-1.0,10,True,3.494529475828241e-09,-34.35158613884475,-35.16899117757673,-35.34819187058838,-35.53203904857056,-35.59765524562075,-35.620058852330224,-35.20063060640824
5000,1.0,-1.0,10,True,7.497831331732052e-09,-34.40100113357086,-35.16222411110451,-35.335535964606954,-35.51429735640893,-35.58428996593321,-35.62031138693478,-35.2010574552287
5000,1.5,-1.0,10,True,1.5618625340754203e-08,-34.439092866398596,-35.153853127118104,-35.32307046690111,-35.49903379513272,-35.572245914409045,-35.61772637254974,-35.19853535764772
